,Batch,Accuracy,Average Loss
0,28,86.28,0.5580920605522812
1,64,72.02,1.592876649965906
2,128,63.44,2.14570140990482
3,256,50.94,2.2432777410859517
4,512,30.769999999999996,2.275238580764479
