,Epoch Count,Accuracy,Average Loss
0,5,72.02,1.592876649965906
1,10,85.18,0.6368263887751634
2,20,89.45,0.3815427848203167
3,50,92.25999999999999,0.27106236227473635
