,Learning Rate,Accuracy,Average Loss
0,0.001,71.25,1.6374109269707067
1,0.01,92.47,0.267080386685338
2,0.1,97.56,0.07593666282345268
3,0.5,97.83,0.07425490050350655
4,0.9,9.8,
